Title,Company,Location,Stipend,Duration,Link
Content Development (English),D2S Technologies,Delhi,"₹ 8,500 - 10,000 /month",3 Month,https://internshala.com/internship/detail/content-development-english-internship-in-delhi-at-d2s-technologies1776850857
Business Development (Sales),Revolutionary Groups,Work from home,"₹ 5,500 - 16,000 /month",3 Month,https://internshala.com/internship/detail/work-from-home-business-development-sales-internship-at-revolutionary-groups1777315463
Sales Development Representative (SDR),Decision Tree Analytics And Services,Gurgaon,"₹ 20,000 - 25,000 /month",6 Month,https://internshala.com/internship/detail/sales-development-representative-sdr-internship-in-gurgaon-at-decision-tree-analytics-and-services1777973065
Digital Marketing (Web3 & Growth),Podha Protocol,Work from home,"₹ 5,000 - 10,000 /month",4 Month,https://internshala.com/internship/detail/work-from-home-digital-marketing-web3-growth-internship-at-podha-protocol1776658767
Business Development (Sales) - Web3,Podha Protocol,Work from home,"₹ 5,000 - 8,000 /month",4 Month,https://internshala.com/internship/detail/work-from-home-business-development-sales-web3-internship-at-podha-protocol1776312207
Marketing,Trozon Industries Private Limited,Ahmedabad,"₹ 9,000 - 25,000 /month",6 Month,https://internshala.com/internship/detail/marketing-internship-in-ahmedabad-at-trozon-industries-private-limited1776435680
WordPress Development,ViralChilly,Jaipur,"₹ 3,000 - 5,000 /month",4 Month,https://internshala.com/internship/detail/wordpress-development-internship-in-jaipur-at-viralchilly1777638327
Business Development (Sales),ViralChilly,Jaipur,"₹ 3,000 - 5,000 /month",4 Month,https://internshala.com/internship/detail/business-development-sales-internship-in-jaipur-at-viralchilly1777892200
Business Development (Sales),Heion Ventures,Jaipur,"₹ 10,000 - 30,000 /month",3 Month,https://internshala.com/internship/detail/outreach-internship-in-jaipur-at-heion-ventures1777608157
Business Development,Pawzz Foundation,Work from home,"₹ 1,500 - 15,000 /month",N/A,https://internshala.com/internship/detail/work-from-home-part-time-business-development-internship-at-pawzz-foundation1777869686
Web Development,VIZON,"Dehradun, Bangalore","₹ 12,000 - 20,000 /month",4 Month,https://internshala.com/internship/detail/web-development-internship-in-multiple-locations-at-vizon1775221357
Web Development,VIZON,Work from home,"₹ 10,000 - 20,000 /month",3 Month,https://internshala.com/internship/detail/work-from-home-web-development-internship-at-vizon1775221012
Web Development,How I Met My Sole,Delhi,"₹ 7,000 /month",3 Month,https://internshala.com/internship/detail/web-development-internship-in-delhi-at-how-i-met-my-sole1778077759
Web Development,Cloud Back,Work from home,"₹ 10,000 - 25,000 /month",3 Month,https://internshala.com/internship/detail/work-from-home-web-development-internship-at-cloud-back1778042233
Web Development,Emoolar Technology Private Limited,Work from home,"₹ 1,000 - 2,000 /month",1 Month,https://internshala.com/internship/detail/work-from-home-part-time-web-development-internship-at-emoolar-technology-private-limited1778041052
Web Development,Tripple One Solutions,Work from home,"₹ 5,000 - 10,000 /month",2 Month,https://internshala.com/internship/detail/work-from-home-web-development-internship-at-tripple-one-solutions1777968922
Web Development,Talent Corner HR Services,Mumbai,"₹ 3,000 - 5,000 /month",3 Month,https://internshala.com/internship/detail/web-development-internship-in-mumbai-at-talent-corner-hr-services1777965226
Web Development,Flux Performance Studio,Work from home,"₹ 6,000 - 10,000 /month",6 Month,https://internshala.com/internship/detail/work-from-home-part-time-web-development-internship-at-ehab-ashraf1777961617
Web Development,Eduminatti,Work from home,"₹ 8,000 /month",2 Month,https://internshala.com/internship/detail/work-from-home-web-development-internship-at-eduminatti1777954285
Web Development,Symonis,Work from home,"₹ 10,000 - 25,000 /month",3 Month,https://internshala.com/internship/detail/work-from-home-web-development-internship-at-symonis1777951495
Web Development,Maxgen Technologies Private Limited,Ahmedabad,"₹ 5,000 - 12,000 /month",3 Month,https://internshala.com/internship/detail/web-development-internship-in-ahmedabad-at-maxgen-technologies-private-limited1777863586
Web Development,UnderGrads Media,Work from home,"₹ 1,000 - 3,000 /month",2 Month,https://internshala.com/internship/detail/work-from-home-web-development-internship-at-undergrads-media1777737452
Web Development,Artify,Work from home,"₹ 45,000 - 70,000 /month",1 Month,https://internshala.com/internship/detail/work-from-home-web-development-internship-at-artify1777724862
Web Development,CloudZapier,Work from home,"₹ 9,500 - 18,500 /month",3 Month,https://internshala.com/internship/detail/work-from-home-web-development-internship-at-cloudzapier1777525285
Web Development,Maxgen Technologies Private Limited,Ahmedabad,"₹ 5,000 - 12,000 /month",3 Month,https://internshala.com/internship/detail/web-development-internship-in-ahmedabad-at-maxgen-technologies-private-limited1777225900
Web Development,Rajagriham Estates Pvt Ltd,Bangalore,"₹ 3,000 - 5,000 /month",3 Month,https://internshala.com/internship/detail/web-development-internship-in-bangalore-at-rajagriham-estates-pvt-ltd1777012352
Web Development,KC Digital Consultants,Work from home,"₹ 3,000 - 5,000 /month",3 Month,https://internshala.com/internship/detail/work-from-home-web-development-internship-at-kc-digital-consultants1776943054
Web Development,Bevysquare Social Private Limited,Noida,"₹ 8,000 - 10,000 /month",2 Month,https://internshala.com/internship/detail/web-development-internship-in-noida-at-bevysquare-social-private-limited1776853336
Web Development,MyCloud Technology,Work from home,"₹ 8,500 - 16,000 /month",3 Month,https://internshala.com/internship/detail/work-from-home-web-development-internship-at-mycloud-technology1776835168
Web Development,Onlincer,Work from home,"₹ 1,000 /month",6 Month,https://internshala.com/internship/detail/work-from-home-web-development-internship-at-onlincer1776831591
Web Development,Alster IT Solutions,Work from home,"₹ 3,000 - 5,000 /month",3 Month,https://internshala.com/internship/detail/work-from-home-web-development-internship-at-alster-it-solutions1776830743
Web Development,Nexero,Agartala(Hybrid),"₹ 2,000 - 3,000 /month",3 Month,https://internshala.com/internship/detail/web-development-internship-in-agartala-at-nexero1776772934
Web Development,Wayspire Ed-Tech Private Limited,Work from home,"₹ 10,000 - 15,000 /month",4 Month,https://internshala.com/internship/detail/work-from-home-web-development-internship-at-wayspire-ed-tech-private-limited1776763572
Web Development,Basti Ki Pathshala Foundation,Work from home,Unpaid,1 Month,https://internshala.com/internship/detail/work-from-home-part-time-web-development-internship-at-basti-ki-pathshala-foundation1776658867
Web Development,Ramyoz,Noida,"₹ 6,000 - 10,000 /month",6 Month,https://internshala.com/internship/detail/web-development-internship-in-noida-at-ramyoz1776658037
Web Development,JP IT STAFFING LLC,Work from home,"₹ 2,000 - 8,000 /month",3 Month,https://internshala.com/internship/detail/work-from-home-web-development-internship-at-jp-it-staffing-llc1776450591
Web Development,Maxgen Technologies Private Limited,Pune,"₹ 5,000 - 12,000 /month",3 Month,https://internshala.com/internship/detail/web-development-internship-in-pune-at-maxgen-technologies-private-limited1776316166
Web Development,She Can Foundation,Work from home,Unpaid,1 Month,https://internshala.com/internship/detail/work-from-home-web-development-internship-at-she-can-foundation1776254163
Web Development,ALMI Blogging School Pro (Almi Production Land Solar Private Limited),Chennai,"₹ 3,000 - 6,000 /month",2 Month,https://internshala.com/internship/detail/web-development-internship-in-chennai-at-almi-blogging-school-pro-almi-production-land-solar-private-limited1776077904
Web Development,Brands Jar,Pune,"₹ 15,000 - 20,000 /month",3 Month,https://internshala.com/internship/detail/web-development-internship-in-pune-at-brands-jar1775807014
Web Development,Break The Code,"Mumbai, Dahisar, Mira Bhayandar, Vasai-Virar","₹ 5,000 - 7,000 /month",3 Month,https://internshala.com/internship/detail/web-development-internship-in-multiple-locations-at-break-the-code1775803713
Web Development,NayePankh Foundation,Work from home,Unpaid,N/A,https://internshala.com/internship/detail/work-from-home-web-development-internship-at-nayepankh-foundation1775737417
Web Development,Reach Technologies,Work from home,"₹ 7,000 - 9,000 /month",3 Month,https://internshala.com/internship/detail/work-from-home-web-development-internship-at-reach-technologies1775566014
Web Development,TSTEPS PRIVATE LIMITED,"Chennai, Mumbai(Hybrid)","₹ 10,000 - 15,000 /month",6 Month,https://internshala.com/internship/detail/web-development-internship-in-multiple-locations-at-tsteps-private-limited1775555773
Web Development,Yasham Software Services Private Limited,Work from home,"₹ 5,000 - 10,000 /month",6 Month,https://internshala.com/internship/detail/work-from-home-web-development-internship-at-yasham-software-services-private-limited1774857860
Web Development,Anshumat Foundation,Work from home,Unpaid,6 Month,https://internshala.com/internship/detail/work-from-home-web-development-internship-at-anshumat-foundation1773726819
Web Development,ToXSL Technologies Private Limited,Mohali,"₹ 5,000 - 15,000 /month",6 Month,https://internshala.com/internship/detail/web-development-internship-in-mohali-at-toxsl-technologies-private-limited1773154496
AI Web Development,InAmigos Foundation,Work from home,"₹ 4,000 - 6,500 /month",N/A,https://internshala.com/internship/detail/work-from-home-ai-web-development-internship-at-inamigos-foundation1777977462
Web Developer,Metnmat Research,Howrah,"₹ 12,000 - 15,000 /month",3 Month,https://internshala.com/internship/detail/web-developer-internship-in-howrah-at-metnmat-research1777266924
Web Developer,Maxgen Technologies Private Limited,Pune,"₹ 5,000 - 12,000 /month",3 Month,https://internshala.com/internship/detail/web-developer-internship-in-pune-at-maxgen-technologies-private-limited1777225982
